slug,file_title,author_or_source,license,commons_page_url
salou,File:Casa Bonet (Salou) - 4.jpg,Ferran Llorens,CC BY-SA 2.0,https://commons.wikimedia.org/wiki/File:Casa_Bonet_(Salou)_-_4.jpg
castelldefels,File:Port Ginesta Castelldefels.jpg,Martinanavajo,CC BY-SA 4.0,https://commons.wikimedia.org/wiki/File:Port_Ginesta_Castelldefels.jpg
sitges,"File:Monument against homophobia in Sitges and memorial for Orlando shooting victims, Sitges, Spain.jpg",Vasconium,CC BY-SA 4.0,"https://commons.wikimedia.org/wiki/File:Monument_against_homophobia_in_Sitges_and_memorial_for_Orlando_shooting_victims,_Sitges,_Spain.jpg"
dos-hermanas,File:Hipódromo de Dos Hermanas (Sevilla).JPG,Cárdenas,CC BY-SA 3.0,https://commons.wikimedia.org/wiki/File:Hipódromo_de_Dos_Hermanas_(Sevilla).JPG
l-hospitalet-de-llobregat,File:L'Hospitalet de Llobregat- Avinguda de la Gran Via (15928087936).jpg,"Jorge Franganillo from Barcelona, Spain",CC BY 2.0,https://commons.wikimedia.org/wiki/File:L'Hospitalet_de_Llobregat-_Avinguda_de_la_Gran_Via_(15928087936).jpg
mijas,"File:Ermita de la Virgen de la Peña, Mijas, Málaga, España, 2023-05-18, DD 83.jpg",Diego Delso,CC BY-SA 4.0,"https://commons.wikimedia.org/wiki/File:Ermita_de_la_Virgen_de_la_Peña,_Mijas,_Málaga,_España,_2023-05-18,_DD_83.jpg"
manacor,File:Cala Manacor view from descent Plaça de la Costa d'en Blau to Passeig de Coves Blanques.jpg,Steffen Mokosch,CC BY-SA 4.0,https://commons.wikimedia.org/wiki/File:Cala_Manacor_view_from_descent_Plaça_de_la_Costa_d'en_Blau_to_Passeig_de_Coves_Blanques.jpg
torremolinos,File:Playa de Torremolinos (Málaga).jpg,Biblioteca de la Facultad de Empresa y Gestión Pública Universidad de Zaragoza,CC BY-SA 2.0,https://commons.wikimedia.org/wiki/File:Playa_de_Torremolinos_(Málaga).jpg
santa-pola,File:Casa consistorial de Santa Pola 01.jpg,19Tarrestnom65,CC BY-SA 4.0,https://commons.wikimedia.org/wiki/File:Casa_consistorial_de_Santa_Pola_01.jpg
puertollano,File:Complejo petroquímico de Puertollano 02.jpg,19Tarrestnom65,CC BY-SA 4.0,https://commons.wikimedia.org/wiki/File:Complejo_petroquímico_de_Puertollano_02.jpg
terrassa,File:Terranova i Terrassa - P1090522.jpg,Pere López Brosa,CC BY-SA 4.0,https://commons.wikimedia.org/wiki/File:Terranova_i_Terrassa_-_P1090522.jpg
gandia,File:Palma de Gandía 01.jpg,19Tarrestnom65,CC BY-SA 4.0,https://commons.wikimedia.org/wiki/File:Palma_de_Gandía_01.jpg
paterna,File:Ayuntamiento de Paterna 01.jpg,Simon Burchell,CC BY-SA 4.0,https://commons.wikimedia.org/wiki/File:Ayuntamiento_de_Paterna_01.jpg
ubeda,File:Úbeda - Sacra Capilla del Salvador - Fachada - 3.jpg,Benjamin Smith,CC BY-SA 4.0,https://commons.wikimedia.org/wiki/File:Úbeda_-_Sacra_Capilla_del_Salvador_-_Fachada_-_3.jpg
alcobendas,File:Fuente ornamental - Parque Jardin de la Vega - Alcobendas - Madrid 01.jpg,Javier Perez Montes,CC BY-SA 4.0,https://commons.wikimedia.org/wiki/File:Fuente_ornamental_-_Parque_Jardin_de_la_Vega_-_Alcobendas_-_Madrid_01.jpg
roses,File:Roses and Gulf-of-Roses.jpg,Alan Mattingly,CC BY-SA 4.0,https://commons.wikimedia.org/wiki/File:Roses_and_Gulf-of-Roses.jpg
lloret-de-mar,"File:Church of Sant Romà, Lloret de Mar.jpg",Partonez,CC BY-SA 4.0,"https://commons.wikimedia.org/wiki/File:Church_of_Sant_Romà,_Lloret_de_Mar.jpg"
tres-cantos,"File:Tres Cantos, Madrid, Spain - panoramio.jpg",Ignacio Pérez Anguio,CC BY-SA 3.0,"https://commons.wikimedia.org/wiki/File:Tres_Cantos,_Madrid,_Spain_-_panoramio.jpg"
girona,File:Cathedral of Girona (13).jpg,Krzysztof Golik,CC BY-SA 4.0,https://commons.wikimedia.org/wiki/File:Cathedral_of_Girona_(13).jpg
mostoles,"File:Móstoles, Commemorative plaque to the ""Independecia de España"".jpg",Alta Falisa,CC BY-SA 4.0,"https://commons.wikimedia.org/wiki/File:Móstoles,_Commemorative_plaque_to_the_""Independecia_de_España"".jpg"
talavera-de-la-reina,"File:La Caprichosa, Talavera de la Reina.JPG",Asqueladd,CC BY-SA 3.0,"https://commons.wikimedia.org/wiki/File:La_Caprichosa,_Talavera_de_la_Reina.JPG"
aviles,File:Centro Tecnológico del Acero y Materiales Metálicos. Avilés. Asturias.jpg,Jovino Martínez Sierra,CC BY-SA 3.0,https://commons.wikimedia.org/wiki/File:Centro_Tecnológico_del_Acero_y_Materiales_Metálicos._Avilés._Asturias.jpg
calatayud,"File:Panorámica esférica del Seminario de Nobles, Calatayud, España, 2014-12-29, DD 01-105 HDR PAN.JPG",Diego Delso,CC BY-SA 4.0,"https://commons.wikimedia.org/wiki/File:Panorámica_esférica_del_Seminario_de_Nobles,_Calatayud,_España,_2014-12-29,_DD_01-105_HDR_PAN.JPG"
barakaldo,File:Barakaldo - Munoa jauregi 4.jpg,Ebaki,CC BY-SA 4.0,https://commons.wikimedia.org/wiki/File:Barakaldo_-_Munoa_jauregi_4.jpg
cornell-de-llobregat,File:Ajuntament de Cornellà de Llobregat-5.JPG,Deosringas,CC BY-SA 3.0,https://commons.wikimedia.org/wiki/File:Ajuntament_de_Cornellà_de_Llobregat-5.JPG
denia,"File:Vista de Denia desde el castillo, España, 2022-07-13, DD 07-15 PAN.jpg",Diego Delso,CC BY-SA 4.0,"https://commons.wikimedia.org/wiki/File:Vista_de_Denia_desde_el_castillo,_España,_2022-07-13,_DD_07-15_PAN.jpg"
arganda-del-rey,File:Aceitunas - Puente de Arganda - Arganda del Rey 01.jpg,Javier Perez Montes,CC BY-SA 4.0,https://commons.wikimedia.org/wiki/File:Aceitunas_-_Puente_de_Arganda_-_Arganda_del_Rey_01.jpg
castellon,"File:""Trenet turístico"" (Castellón de la Plana), 2025.jpg",Juan Emilio Prades Bel,CC BY 4.0,"https://commons.wikimedia.org/wiki/File:""Trenet_turístico""_(Castellón_de_la_Plana),_2025.jpg"
alcala-de-henares,"File:Parador de Alcalá de Henares, España, 2015-01-10, DD 07.JPG",Diego Delso,CC BY-SA 4.0,"https://commons.wikimedia.org/wiki/File:Parador_de_Alcalá_de_Henares,_España,_2015-01-10,_DD_07.JPG"
leganes,File:Leganes-panoramica-040711.jpg,FDV,CC BY-SA 3.0,https://commons.wikimedia.org/wiki/File:Leganes-panoramica-040711.jpg
la-laguna,"File:Casa Museo Cayetano Gómez Felipe. La Laguna, Tenerife. Canarias. España. Spain.jpg",CARLOS TEIXIDOR CADENAS,CC BY 4.0,"https://commons.wikimedia.org/wiki/File:Casa_Museo_Cayetano_Gómez_Felipe._La_Laguna,_Tenerife._Canarias._España._Spain.jpg"
fuenlabrada,File:Fuenlabrada - Centro Comercial Plaza de la Estación 01.jpg,Zarateman,CC BY-SA 3.0,https://commons.wikimedia.org/wiki/File:Fuenlabrada_-_Centro_Comercial_Plaza_de_la_Estación_01.jpg
lanzarote-arrecife,File:Arrecife. Lanzarote-31.jpg,Luis Miguel Bugallo Sánchez (Lmbuga),CC BY-SA 3.0,https://commons.wikimedia.org/wiki/File:Arrecife._Lanzarote-31.jpg
avila,"File:Avellaneda, Ávila 02.jpg",19Tarrestnom65,CC BY-SA 4.0,"https://commons.wikimedia.org/wiki/File:Avellaneda,_Ávila_02.jpg"
sant-cugat-del-valles,"File:08 Can Móra, Club de Golf Sant Cugat (Sant Cugat del Vallès), rellotge de sol.jpg",Enric,CC BY-SA 4.0,"https://commons.wikimedia.org/wiki/File:08_Can_Móra,_Club_de_Golf_Sant_Cugat_(Sant_Cugat_del_Vallès),_rellotge_de_sol.jpg"
collado-villalba,File:Collado Villalba 01.JPG,Zarateman,CC0,https://commons.wikimedia.org/wiki/File:Collado_Villalba_01.JPG
nerja,File:City of Nerja.jpg,Olga1969,CC BY 4.0,https://commons.wikimedia.org/wiki/File:City_of_Nerja.jpg
soria,"File:Iglesia de San Juan Bautista, Ágreda, Soria, España, 2018-03-29, DD 40-42 HDR.jpg",Diego Delso,CC BY-SA 4.0,"https://commons.wikimedia.org/wiki/File:Iglesia_de_San_Juan_Bautista,_Ágreda,_Soria,_España,_2018-03-29,_DD_40-42_HDR.jpg"
motril,File:Motril 1.jpg,kallerna,CC BY-SA 4.0,https://commons.wikimedia.org/wiki/File:Motril_1.jpg
ciudad-real,"File:Puerta de Toledo, Ciudad Real, España, 2021-12-18, DD 01.jpg",Diego Delso,CC BY-SA 4.0,"https://commons.wikimedia.org/wiki/File:Puerta_de_Toledo,_Ciudad_Real,_España,_2021-12-18,_DD_01.jpg"
aranda-de-duero,"File:"" Photography by David Adam Kess Bodega El Lagar, Aranda de Duero, España.jpg",David Adam Kess,CC BY-SA 4.0,"https://commons.wikimedia.org/wiki/File:""_Photography_by_David_Adam_Kess_Bodega_El_Lagar,_Aranda_de_Duero,_España.jpg"
lorca,File:Lorca Ayuntamiento de Lorca from the eastern end of Plaza de España.jpg,Ymblanter,CC BY-SA 4.0,https://commons.wikimedia.org/wiki/File:Lorca_Ayuntamiento_de_Lorca_from_the_eastern_end_of_Plaza_de_España.jpg
el-ejido,File:El Ejido aerial.jpg,kallerna,CC BY-SA 4.0,https://commons.wikimedia.org/wiki/File:El_Ejido_aerial.jpg
alcorcon,"File:Castillos de Valderas, Alcorcón, Spain.jpg",Delgatus.es,CC BY-SA 4.0,"https://commons.wikimedia.org/wiki/File:Castillos_de_Valderas,_Alcorcón,_Spain.jpg"
ourense,"File:Capilla de Santa Agueda, Seixalbo, Ourense 04.jpg",Simon Burchell,CC BY-SA 4.0,"https://commons.wikimedia.org/wiki/File:Capilla_de_Santa_Agueda,_Seixalbo,_Ourense_04.jpg"
merida,"File:J29 281 Mérida, Puente romano.jpg",Falk2,CC BY-SA 4.0,"https://commons.wikimedia.org/wiki/File:J29_281_Mérida,_Puente_romano.jpg"
ronda,File:View of Puente Nuevo bridge in Ronda Spain.jpg,"This Photo was taken by Wolfgang Moroder.  

Feel free to use my photos, but please mention me as the author and send me a  message. 



This image is not in the public domain. Please respect the copyright protection. It may only be used according to the rules mentioned here. This specifically excludes use in social media, if applicable terms of the licenses listed here not appropriate.



Please do not upload an updated image here without consultation with the Author. The author would like to make corrections only at his own source. This ensures that the changes are preserved.Please if you think that any changes should be required, please inform the author.Otherwise you can upload a new image with a new name. Please use one of the templates derivative or extract.",CC BY-SA 3.0,https://commons.wikimedia.org/wiki/File:View_of_Puente_Nuevo_bridge_in_Ronda_Spain.jpg
teruel,File:SEMANA SANTA DE TERUEL Exaltación de los instrumentos de Semana Santa 2686.jpg,Turol Jones,CC BY-SA 4.0,https://commons.wikimedia.org/wiki/File:SEMANA_SANTA_DE_TERUEL_Exaltación_de_los_instrumentos_de_Semana_Santa_2686.jpg
benalmadena,"File:Castillo El Bil Bil, Benalmádena, Málaga, España, 2023-05-18, DD 63.jpg",Diego Delso,CC BY-SA 4.0,"https://commons.wikimedia.org/wiki/File:Castillo_El_Bil_Bil,_Benalmádena,_Málaga,_España,_2023-05-18,_DD_63.jpg"
palencia,File:Catedral de San Antolín de Palencia - 01.jpg,Carlos Delgado,CC BY-SA 3.0 es,https://commons.wikimedia.org/wiki/File:Catedral_de_San_Antolín_de_Palencia_-_01.jpg
algeciras,"File:Plaza San Isidro, Algeciras, Cádiz, España, 2015-12-09, DD 09-11 HDR.JPG",Diego Delso,CC BY-SA 4.0,"https://commons.wikimedia.org/wiki/File:Plaza_San_Isidro,_Algeciras,_Cádiz,_España,_2015-12-09,_DD_09-11_HDR.JPG"
irun,File:Irun - Elizatxo hiri bidea 27.jpg,Iñaki Lopez de Luzuriaga,CC BY-SA 4.0,https://commons.wikimedia.org/wiki/File:Irun_-_Elizatxo_hiri_bidea_27.jpg
guadalajara,"File:Palacio del Infantado, Guadalajara, España, 2023-01-02, DD 19.jpg",Diego Delso,CC BY-SA 4.0,"https://commons.wikimedia.org/wiki/File:Palacio_del_Infantado,_Guadalajara,_España,_2023-01-02,_DD_19.jpg"
jaen,"File:Collage de la ciudad de Jaén, Andalucía, España.png","Paradores, Radigonas, Jose Luis Filpo Cabana, Kordas, Veinticuatro de Jahén y Javier Acisclo Hierro",CC BY-SA 4.0,"https://commons.wikimedia.org/wiki/File:Collage_de_la_ciudad_de_Jaén,_Andalucía,_España.png"
antequera,File:Alcazaba Antequera.jpg,Jebulon,CC0,https://commons.wikimedia.org/wiki/File:Alcazaba_Antequera.jpg
caceres,"File:Collage de la ciudad de Cáceres, Extremadura, España.png","DavidDaguerro, Adolfobrigido, Paradores, Chemagato~commonswik, Jorge Cancela, bobysolo, Elemaki, Juanje 2712, Mario modesto, Jesusccastillo y Lorenzo Vallés",CC BY-SA 4.0,"https://commons.wikimedia.org/wiki/File:Collage_de_la_ciudad_de_Cáceres,_Extremadura,_España.png"
velez-malaga,"File:Torre del Mar, Velez Malaga (20110823-DSC02918).jpg",Matti Blume,CC BY-SA 4.0,"https://commons.wikimedia.org/wiki/File:Torre_del_Mar,_Velez_Malaga_(20110823-DSC02918).jpg"
cambrils,File:Canalizaciones de agua salada del salino de Cambrils.jpg,Papouten,CC BY-SA 4.0,https://commons.wikimedia.org/wiki/File:Canalizaciones_de_agua_salada_del_salino_de_Cambrils.jpg
toledo,File:1 toledo spain evening sunset 2014.jpg,Chensiyuan,CC BY-SA 3.0,https://commons.wikimedia.org/wiki/File:1_toledo_spain_evening_sunset_2014.jpg
getafe,File:Plaza del General Palacio - Getafe 01.jpg,Javier Perez Montes,CC BY-SA 4.0,https://commons.wikimedia.org/wiki/File:Plaza_del_General_Palacio_-_Getafe_01.jpg
figueres,File:Figueres 27.jpg,Bertrand GRONDIN  → (Talk),CC BY-SA 3.0,https://commons.wikimedia.org/wiki/File:Figueres_27.jpg
gava,"File:J23 497 Bf Gava, 91-30 xxx.jpg",Falk2,CC BY-SA 4.0,"https://commons.wikimedia.org/wiki/File:J23_497_Bf_Gava,_91-30_xxx.jpg"
pozuelo-de-alarcon,"File:Oficinas de El Confidencial en Pozuelo de Alarcón, Madrid, España, 2016 01.jpg",Benjamín Núñez González,CC BY-SA 4.0,"https://commons.wikimedia.org/wiki/File:Oficinas_de_El_Confidencial_en_Pozuelo_de_Alarcón,_Madrid,_España,_2016_01.jpg"
ferrol,"File:Puerta del Dique, Ferrol, Coruña.jpg",Jaccroube,CC BY-SA 3.0 es,"https://commons.wikimedia.org/wiki/File:Puerta_del_Dique,_Ferrol,_Coruña.jpg"
los-alcazares,File:Los Alcazares del mar menor.JPG,Vordmeils,Public domain,https://commons.wikimedia.org/wiki/File:Los_Alcazares_del_mar_menor.JPG
cuenca,"File:Ruta de las Caras, Cuenca, España, 2017-01-03, DD 47-49 HDR.jpg",Diego Delso,CC BY-SA 4.0,"https://commons.wikimedia.org/wiki/File:Ruta_de_las_Caras,_Cuenca,_España,_2017-01-03,_DD_47-49_HDR.jpg"
galdar,File:Galdar NZ7 0606 (49468586963).jpg,"Bengt Nyman from Vaxholm, Sweden",CC BY 2.0,https://commons.wikimedia.org/wiki/File:Galdar_NZ7_0606_(49468586963).jpg
tacoronte,File:Santuario Tacoronte 06.jpg,Koppchen,CC BY 3.0,https://commons.wikimedia.org/wiki/File:Santuario_Tacoronte_06.jpg
llica-d-amunt,File:Vista Montserrat des de Lliçà d'Amunt - panoramio.jpg,xmondejar,CC BY-SA 3.0,https://commons.wikimedia.org/wiki/File:Vista_Montserrat_des_de_Lliçà_d'Amunt_-_panoramio.jpg
pinto,File:Pinto (1).jpg,Vanbasten 23,CC BY-SA 3.0,https://commons.wikimedia.org/wiki/File:Pinto_(1).jpg
teo,"File:Igrexa de Santa María de Lampai, Teo.jpg",amaianos from Galicia,CC BY 2.0,"https://commons.wikimedia.org/wiki/File:Igrexa_de_Santa_María_de_Lampai,_Teo.jpg"
almassora,"File:Playa de Ben Afeli, Almassora (Castellón, España).jpg",Juan Emilio Prades Bel,CC BY-SA 4.0,"https://commons.wikimedia.org/wiki/File:Playa_de_Ben_Afeli,_Almassora_(Castellón,_España).jpg"
la-rapita,"File:Cultura marinera, puerto pesquero de La Rápita (Tarragona, España).jpg",Juan Emilio Prades Bel,CC BY-SA 4.0,"https://commons.wikimedia.org/wiki/File:Cultura_marinera,_puerto_pesquero_de_La_Rápita_(Tarragona,_España).jpg"
la-pobla-de-vallbona,File:Ajuntament de la Pobla de Vallbona 01.jpg,19Tarrestnom65,CC BY-SA 4.0,https://commons.wikimedia.org/wiki/File:Ajuntament_de_la_Pobla_de_Vallbona_01.jpg
benicassim,File:Benicasim playa inundado (30468802105).jpg,"Martin Cox from Benicasim, España",CC BY 2.0,https://commons.wikimedia.org/wiki/File:Benicasim_playa_inundado_(30468802105).jpg
sant-vicenc-dels-horts,File:2022 Moli dels Frares-01.jpg,CésarOP,CC BY-SA 4.0,https://commons.wikimedia.org/wiki/File:2022_Moli_dels_Frares-01.jpg
sant-vicent-del-raspeig,File:Aula CFPA Sant Vicent Ferrer de San Vicente del Raspeig.jpg,Laborinquen,CC0,https://commons.wikimedia.org/wiki/File:Aula_CFPA_Sant_Vicent_Ferrer_de_San_Vicente_del_Raspeig.jpg
utebo,File:Utebo Jun 2020 22 05 55 650000.jpeg,Robot8A,CC BY-SA 4.0,https://commons.wikimedia.org/wiki/File:Utebo_Jun_2020_22_05_55_650000.jpeg
montijo,"File:Iglesia parroquial de San Pedro, Montijo (Badajoz).jpg",Alonso de Mendoza,CC BY-SA 4.0,"https://commons.wikimedia.org/wiki/File:Iglesia_parroquial_de_San_Pedro,_Montijo_(Badajoz).jpg"
sant-just-desvern,"File:Església, ajuntament, Can Ginestar, Cases Soler Basols i Can Modolell P1100277.JPG",Pere López,CC BY-SA 3.0,"https://commons.wikimedia.org/wiki/File:Església,_ajuntament,_Can_Ginestar,_Cases_Soler_Basols_i_Can_Modolell_P1100277.JPG"
puerto-lumbreras,File:Mundial enduro Puerto Lumbreras.jpg,Mudomaan,CC BY-SA 4.0,https://commons.wikimedia.org/wiki/File:Mundial_enduro_Puerto_Lumbreras.jpg
barbate,File:Enebrobarbate.jpg,Jatekas,CC BY-SA 4.0,https://commons.wikimedia.org/wiki/File:Enebrobarbate.jpg
santa-perpetua-de-mogoda,File:Cementiri de Santa Perpètua de Mogoda - P1080115.jpg,Pere López Brosa,CC BY-SA 4.0,https://commons.wikimedia.org/wiki/File:Cementiri_de_Santa_Perpètua_de_Mogoda_-_P1080115.jpg
cartama,File:Cártama (53943412017).jpg,Manel Zaera,CC BY-SA 2.0,https://commons.wikimedia.org/wiki/File:Cártama_(53943412017).jpg
las-gabias,"File:Calle Lepanto, en Gabia Chica (Las Gabias, Granada).jpg",Lopezsuarez,CC0,"https://commons.wikimedia.org/wiki/File:Calle_Lepanto,_en_Gabia_Chica_(Las_Gabias,_Granada).jpg"
amorebieta-etxano,File:Zornotza 4.jpg,Adam Cli,CC BY-SA 4.0,https://commons.wikimedia.org/wiki/File:Zornotza_4.jpg
ayamonte,File:Ayamonte (Huelva) (Spain) (41000424600).jpg,Jose A.,CC BY 2.0,https://commons.wikimedia.org/wiki/File:Ayamonte_(Huelva)_(Spain)_(41000424600).jpg
albolote,File:Ayuntamiento de Albolote (Granada).jpg,Lopezsuarez,CC0,https://commons.wikimedia.org/wiki/File:Ayuntamiento_de_Albolote_(Granada).jpg
l-eliana,File:Cabuts de l'Eliana a la Biblioteca juliol 2019.jpg,Bgasco,CC BY-SA 4.0,https://commons.wikimedia.org/wiki/File:Cabuts_de_l'Eliana_a_la_Biblioteca_juliol_2019.jpg
montornes-del-valles,File:Montornès del Vallès i el turó del Montcau - P1100454.jpg,Pere López Brosa,CC BY-SA 4.0,https://commons.wikimedia.org/wiki/File:Montornès_del_Vallès_i_el_turó_del_Montcau_-_P1100454.jpg
zafra,File:Zafra - 021 (30588595842) - Plaza de toros.jpg,Luis Rogelio HM,CC BY-SA 2.0,https://commons.wikimedia.org/wiki/File:Zafra_-_021_(30588595842)_-_Plaza_de_toros.jpg
parets-del-valles,File:09 Can Guasch (Parets del Vallès).JPG,Enfo,CC BY-SA 4.0,https://commons.wikimedia.org/wiki/File:09_Can_Guasch_(Parets_del_Vallès).JPG
betera,File:Calvari de Bétera 02.JPG,B25es,CC BY-SA 3.0,https://commons.wikimedia.org/wiki/File:Calvari_de_Bétera_02.JPG
segovia,"File:Acueducto, Segovia, España, 2024-06-14, DD 17.jpg",Diego Delso,CC BY-SA 4.0,"https://commons.wikimedia.org/wiki/File:Acueducto,_Segovia,_España,_2024-06-14,_DD_17.jpg"
fuerteventura-pjto-rosario,File:20211124.Puerto del Rosario-Fuerteventura.-013.jpg,"Bybbisch94, Christian Gebhardt",CC BY-SA 4.0,https://commons.wikimedia.org/wiki/File:20211124.Puerto_del_Rosario-Fuerteventura.-013.jpg
